<?xml version='1.0' encoding='UTF-8' ?>
<schemas xmlns='http://xml.netbeans.org/schema/JAXBWizConfig' destdir='build/generated-sources/jaxb' projectName='JAXBApp' version='1.0'>
	<schema type='-xmlschema' package='org.tml.jaxbApp' name='SampleJaxbBinding'>
		<xjc-options>
			<xjc-option name='-verbose' value='true'/>
		</xjc-options>
		<schema-sources>
			<schema-source location='xml-resources/jaxb/SampleJaxbBinding/DTCEditorSchema.xsd' origLocation='../KBRuntimeKernel/xml-resources/jaxb/DTCSchemaBinding/DTCEditorSchema.xsd'/>
		</schema-sources>
		<bindings>
		</bindings>
		<catalog/>
	</schema>
</schemas>
